tim,kegiatan
Tim Statistik Pertanian Tanaman Pangan dan KSA,Pengumpulan Data KSA Padi
Tim Statistik Pertanian Tanaman Pangan dan KSA,Pengumpulan Data KSA Jagung
Tim Statistik Pertanian Tanaman Pangan dan KSA,Pengumpulan Data Ubinan Padi
Tim Statistik Pertanian Tanaman Pangan dan KSA,Pengumpulan Data Ubinan Palawija
Tim Statistik Pertanian Tanaman Pangan dan KSA,Pengolahan Data Ubinan Palawija
Tim Statistik Pertanian Tanaman Pangan dan KSA,Updating/Listing Ubinan Palawija
Tim Statistik Pertanian Tanaman Pangan dan KSA,Pengolahan Updating/Listing Ubinan Palawija
Tim Statistik Industri dan PEK,Pengumpulan Data IBS Bulanan
Tim Statistik Industri dan PEK,Pengumpulan Data IBS Tahunan
Tim Statistik Industri dan PEK,Pengumpulan Data IMK Triwulanan
Tim Statistik Industri dan PEK,Pengumpulan Data IMK Tahunan
Tim Statistik Industri dan PEK,Updating DPA
Tim Statistik Industri dan PEK,Pengumpulan Data Perusahaan Air Bersih Tahunan
Tim Statistik Industri dan PEK,Pengumpulan Data Air Bersih Triwulanan
Tim Statistik Industri dan PEK,Updating DPE
Tim Statistik Industri dan PEK,Pengumpulan Data Perusahaan Non Migas Tahunan
Tim Statistik Industri dan PEK,Pengumpulan Data Perusahaan Galian BH
Tim Statistik Industri dan PEK,Pengumpulan Data Galian URT
Tim Statistik Industri dan PEK,Pengumpulan Data Captive Power
Tim Statistik Industri dan PEK,Pengumpulan Data SKTR
Tim Statistik Industri dan PEK,Pengumpulan Data SKTH
Tim Statistik Industri dan PEK,UDP Konstruksi
Tim Statistik Tenaga Kerja Kependudukan dan Kesejahteraan Rakyat,Pengumpulan Data Susenas
Tim Statistik Tenaga Kerja Kependudukan dan Kesejahteraan Rakyat,Pengumpulan Data Sakernas
Tim Statistik Tenaga Kerja Kependudukan dan Kesejahteraan Rakyat,Pengumpulan Data Seruti
Tim Statistik Tenaga Kerja Kependudukan dan Kesejahteraan Rakyat,Updating BS Susenas
Tim Statistik Tenaga Kerja Kependudukan dan Kesejahteraan Rakyat,Updating BS Sakernas
Tim Statistik Tenaga Kerja Kependudukan dan Kesejahteraan Rakyat,Pemeriksaan Dokumen Updating Susenas
Tim Statistik Tenaga Kerja Kependudukan dan Kesejahteraan Rakyat,Pemeriksaan Dokumen Pencacahan Susenas
Tim Statistik Tenaga Kerja Kependudukan dan Kesejahteraan Rakyat,Pengumpulan Data SUPAS 2025
Tim Statistik Tenaga Kerja Kependudukan dan Kesejahteraan Rakyat,Updating Data SUPAS 2025
Tim Integrasi Pengolahan dan Diseminasi Statistik,Pemutakhiran Kerangka Geospasial dan Muatan Wilkerstat SE2026
Tim Integrasi Pengolahan dan Diseminasi Statistik,Pengolahan Data Susenas
Tim Integrasi Pengolahan dan Diseminasi Statistik,Pengolahan Data Seruti
Tim Integrasi Pengolahan dan Diseminasi Statistik,Pengolahan Pemutakhiran Susenas
Tim Neraca Wilayah dan Analisis Statistik,Pengumpulan Data SKLNPRT
Tim Neraca Wilayah dan Analisis Statistik,Pengumpulan Data SKTNP-Jasa
Tim Neraca Wilayah dan Analisis Statistik,Pengumpulan Data PMTB
Tim Neraca Wilayah dan Analisis Statistik,Pengumpulan Data Sinasi SKNP
Tim Neraca Wilayah dan Analisis Statistik,Pengumpulan Data Sinasi SEEA
Tim Neraca Wilayah dan Analisis Statistik,Pengumpulan Data SKSIP
Tim Neraca Wilayah dan Analisis Statistik,Pengumpulan Data SKSPPI
Tim Neraca Wilayah dan Analisis Statistik,Pengumpulan Data SKPS
Tim Neraca Wilayah dan Analisis Statistik,Pengumpulan Data SKLNP
Tim Statistik Harga,Pengumpulan Data Survei Harga Perdagangan Besar (SHPB)
Tim Statistik Harga,Pengumpulan Data Survei Harga Produsen (SHP)
Tim Statistik Harga,Pengumpulan Data Survei Harga Produsen (SHP-J)
Tim Statistik Harga,Pengumpulan Data Survei Harga Perdesaan (HD)
Tim Statistik Harga,Pengumpulan Data Survei Harga Perdesaan (HKD)
Tim Statistik Harga,Pengumpulan Data Survei Harga Kemahalan Konstruksi (SHKK)
Tim Statistik Harga,Pengumpulan Data Survei Harga Perdagangan Besar (SHPB) Mingguan
Tim Inflasi,Pengumpulan Data SHK (HK 1.1)
Tim Inflasi,Pengumpulan Data SHK (HK 1.2)
Tim Inflasi,Pengumpulan Data SHK (HK 4)
Tim Inflasi,Pengumpulan Data SHK (HK 5)
Tim Inflasi,Pengumpulan Data SHK (HK 6)
Tim Inflasi,Pengumpulan Data SHK (HK 2.1)
Tim Inflasi,Pengumpulan Data SHK (HK 2.2)
Tim Inflasi,Pengumpulan Data SHK (HK 3)
Tim Inflasi,Pengolahan Data SHK (HK 1.1)
Tim Inflasi,Pengolahan Data SHK (HK 1.2)
Tim Inflasi,Pengolahan Data SHK (HK 4)
Tim Inflasi,Pengolahan Data SHK (HK 5)
Tim Inflasi,Pengolahan Data SHK (HK 6)
Tim Inflasi,Pengolahan Data SHK (HK 2.1)
Tim Inflasi,Pengolahan Data SHK (HK 2.2)
Tim Inflasi,Pengolahan Data SHK (HK 3)
Tim Inflasi,Pengumpulan Data SHK (HK 1.1) Outlet
Tim Inflasi,Pengumpulan Data SHK (HK 1.2) Outlet
Tim Inflasi,Pengumpulan Data SHK (HK 2.1) Outlet
Tim Inflasi,Pengumpulan Data SHK (HK 2.2) Outlet
Tim Inflasi,Listing SVPEB
Tim Inflasi,Pengumpulan data SVPEB Semester I
Tim Inflasi,Pengumpulan data SVPEB Semester II
Tim Inflasi,Pengumpulan data SVK
Tim Statistik Distribusi dan Niaga Jasa,Pengumpulan Data Poldis
Tim Statistik Distribusi dan Niaga Jasa,Pengumpulan Data PAW
Tim Statistik Distribusi dan Niaga Jasa,Pengumpulan Data STKU
Tim Statistik Distribusi dan Niaga Jasa,Pengumpulan Data SAPB Jembatan Timbang
Tim Statistik Distribusi dan Niaga Jasa,Pengumpulan Data K3
Tim Statistik Distribusi dan Niaga Jasa,Pengumpulan Data BUMD
Tim Statistik Distribusi dan Niaga Jasa,Pengumpulan Data VREST-UMB
Tim Statistik Distribusi dan Niaga Jasa,Pengumpulan Data SKU
Tim Statistik Distribusi dan Niaga Jasa,Pengumpulan Data VHTL
Tim Statistik Distribusi dan Niaga Jasa,Pengumpulan Data SLK
Tim Statistik Distribusi dan Niaga Jasa,Pengumpulan Data Listing E-Commerce
Tim Statistik Distribusi dan Niaga Jasa,Pengumpulan Data E-Commerce
Tim Statistik Distribusi dan Niaga Jasa,Pengumpulan Data VHTS
Tim Statistik Distribusi dan Niaga Jasa,Pengumpulan Data Updating direktori jasa pariwisata
Tim Statistik Distribusi dan Niaga Jasa,Pengumpulan Data Updating Profil Pasar
Tim Statistik Distribusi dan Niaga Jasa,Pengumpulan Data Survei jasa penunjang angkutan
Tim Statistik Distribusi dan Niaga Jasa,Pengumpulan Data Survei Pergudangan
Tim Statistik Distribusi dan Niaga Jasa,Pengumpulan Data Survei Pola Usaha Non Pertanian
Tim Statistik Ketahanan Sosial,Pengumpulan Data Survei Statistik Politik & Keamanan (Polkam)
Tim Statistik Ketahanan Sosial,Pengumpulan Data Pendataan Potensi Desa (Podes)
Tim Statistik Ketahanan Sosial,Pengumpulan Data Survei Perilaku Anti Korupsi (SPAK)
"Tim Statistik Hortikultura, Perkebunan, Peternakan, Perikanan dan Kehutanan",Pengumpulan Data Survei Perusahaan Kehutanan
"Tim Statistik Hortikultura, Perkebunan, Peternakan, Perikanan dan Kehutanan",Pengumpulan Data Pendaratan Ikan Tradisional (PIT)
"Tim Statistik Hortikultura, Perkebunan, Peternakan, Perikanan dan Kehutanan",Pengumpulan Data Pelabuhan Perikanan Dan TPI (PP-TPI)
"Tim Statistik Hortikultura, Perkebunan, Peternakan, Perikanan dan Kehutanan",Pengumpulan Data Bulanan Pemotongan Ternak RPH/TPH
"Tim Statistik Hortikultura, Perkebunan, Peternakan, Perikanan dan Kehutanan",Listing Komstrat Kelapa Sawit
"Tim Statistik Hortikultura, Perkebunan, Peternakan, Perikanan dan Kehutanan",Listing Komstrat Karet
"Tim Statistik Hortikultura, Perkebunan, Peternakan, Perikanan dan Kehutanan",Pengumpulan Data Komstrat Kelapa Sawit
"Tim Statistik Hortikultura, Perkebunan, Peternakan, Perikanan dan Kehutanan",Pengumpulan Data Komstrat Karet
"Tim Statistik Hortikultura, Perkebunan, Peternakan, Perikanan dan Kehutanan",Pengumpulan Data Survei Usaha Non Rumah Tangga (VN-Horti)
"Tim Statistik Hortikultura, Perkebunan, Peternakan, Perikanan dan Kehutanan",Pengumpulan Data SKB Tahunan
"Tim Statistik Hortikultura, Perkebunan, Peternakan, Perikanan dan Kehutanan",Pengumpulan Data Sedapp Online
"Tim Statistik Hortikultura, Perkebunan, Peternakan, Perikanan dan Kehutanan",Pengumpulan Data Updating DPP DUTL
